Date,Open,High,Low,Close,Adj Close,Volume,Market Cap,Delta,DeltaPercent
2022-01-19,38.0,43.0,38.0,42.0,41.120449,129900,12136440000.0,4.0,10.526315789473683
2022-01-20,40.950001,48.369999,40.950001,45.0,44.057621,153400,13078611319.38,4.049999,9.890107206590788
2022-01-21,43.0,49.950001,42.950001,45.0,44.057621,329500,13733340000.0,2.0,4.651162790697675
2022-01-24,44.919998,45.0,41.880001,42.799999,41.90369,110000,14346548961.24,-2.119999,-4.719499319657138
2022-01-25,42.5,44.919998,41.330002,41.897999,41.020576,23500,13573650000.0,-0.6020010000000013,-1.4164729411764738
2022-01-26,45.009998,45.060001,42.25,43.220001,42.314896,90500,14375293161.240002,-1.7899969999999996,-3.976887535076094
2022-01-27,47.259998,49.619999,43.75,45.759998,44.801704,151600,15093898161.240002,-1.5,-3.173931577398712
2022-01-28,44.549999,47.599998,44.150002,46.75,45.770969,43600,14228378680.62,2.2000010000000003,4.938273960455084
2022-01-31,46.0,48.0,46.0,48.0,46.994793,71300,14691480000.0,2.0,4.3478260869565215
2022-02-01,47.5,50.0,47.049999,49.779999,48.737518,298800,15170550000.0,2.2799989999999966,4.799997894736835
2022-02-02,50.035,56.23,49.799999,53.009998,51.899879,23860900,15980178299.999998,2.9749980000000065,5.945833916258633
2022-02-03,52.189999,56.57,50.299999,53.619999,52.497101,8425500,16668441880.62,1.4299999999999997,2.7399885560449992
2022-02-04,52.599998,54.330002,50.119999,50.139999,49.089981,6757800,16799387361.24,-2.4599989999999963,-4.67680436033476
2022-02-07,50.0,50.040001,46.0,46.07,45.105206,9432500,15969000000.0,-3.9299999999999997,-7.8599999999999985
2022-02-08,45.130001,47.560001,44.169998,45.5,44.54715,7277500,14413619719.38,0.36999899999999997,0.8198515218291264
2022-02-09,44.75,47.450001,43.880001,47.310001,46.319248,4393100,14292255000.0,2.5600009999999997,5.720672625698323
2022-02-10,45.509998,48.5,45.380001,47.049999,46.06469,2450000,14534983161.240002,1.5400009999999966,3.383874022582898
2022-02-11,46.759998,48.91,46.060001,48.09,47.082909,3456800,14934208161.240002,1.3300020000000004,2.844315776061411
2022-02-14,48.189999,49.0,46.990002,48.110001,47.102493,2155000,15390921880.62,-0.07999800000000334,-0.16600539875504738
2022-02-15,47.700001,48.450001,47.200001,48.0,46.994793,2359800,15234426319.38,0.2999989999999997,0.6289287079889153
2022-02-16,47.720001,48.470001,46.950001,47.200001,46.211548,5855300,15240813919.380001,-0.5200000000000031,-1.0896898346670258
2022-02-17,46.32,47.080002,45.189999,45.290001,44.341549,3142600,14793681600.0,-1.0299990000000037,-2.2236593264248783
2022-02-18,45.150002,45.900002,44.799999,45.41,44.459034,2018700,14420007638.76,0.25999799999999595,0.575853795089524
2022-02-22,45.41,45.68,43.490002,43.540001,42.628197,2611100,14503045799.999998,-1.869999,-4.118033472803347
2022-02-23,43.689999,43.990002,42.18,43.09,42.187618,2791200,13953711880.62,-0.5999989999999968,-1.3733097132824308
2022-02-24,43.150002,44.59,42.220001,44.32,43.534321,2447900,13781247638.76,1.1699979999999996,2.711466849989948
2022-02-25,44.299999,44.93,43.740002,43.91,43.131584,2040700,14148533680.62,-0.3899990000000031,-0.8803589363512245
2022-02-28,43.299999,46.619999,42.459999,45.98,45.16489,5534900,13829153680.62,2.680000999999997,6.189378895828606
2022-03-01,45.619999,48.049999,45.349998,47.790001,46.942806,4212900,14570115280.62,2.1700019999999967,4.756690152492105
2022-03-02,48.0,50.299999,47.330002,49.459999,48.583191,3517100,15330240000.0,1.4599990000000034,3.0416645833333407
2022-03-03,49.82,50.330002,47.547001,49.52,48.642132,2072200,15911511600.0,-0.29999999999999716,-0.6021678040947354
2022-03-04,49.169998,51.040001,48.25,51.0,50.095894,2544600,15703913961.24,1.8300020000000004,3.721785793035827
2022-03-07,51.060001,52.580002,49.869999,51.650002,50.734375,2726900,16307543119.38,0.5900010000000009,1.1555052652662519
2022-03-08,51.18,55.32,50.849998,52.32,51.39249,3873700,16345868400.0,1.1400000000000006,2.227432590855804
2022-03-09,52.439999,53.68,50.59,51.330002,50.420048,3050600,16748286880.62,-1.109997,-2.116699125032401
2022-03-10,50.57,51.639999,49.27,51.32,50.410221,2692700,16151046600.0,0.75,1.4830927427328455
2022-03-11,51.419998,51.84,48.290001,49.32,48.445679,3034100,16422518961.24,-2.0999979999999994,-4.084010271645672
2022-03-14,51.860001,51.860001,48.59,50.950001,50.046783,2916600,16563047119.38,-0.9099999999999966,-1.7547242237808607
2022-03-15,51.34,51.59,49.900002,51.290001,50.380753,2117400,16396969200.000002,-0.04999900000000679,-0.0973880015582524
2022-03-16,51.709999,52.400002,50.349998,51.77,50.852245,2989800,16515139480.62,0.06000099999999975,0.11603365144137741
2022-03-17,51.880001,52.709999,50.91,50.990002,50.086079,2244600,16569434719.38,-0.8899990000000031,-1.7154953408732645
2022-03-18,50.650002,51.41,48.880001,49.009998,48.141171,9663900,16176597638.76,-1.6400039999999976,-3.2379149757980215
2022-03-21,48.91,49.43,48.599998,49.220001,48.347454,2452000,15620875799.999998,0.31000100000000685,0.6338192598650723
2022-03-22,50.349998,52.049999,50.009998,51.139999,50.233414,3841900,16080782361.24,0.7900010000000037,1.5690189302490214
2022-03-23,50.700001,51.77,50.700001,50.990002,50.086079,2396200,16192566319.38,0.2900009999999966,0.5719940715582956
2022-03-24,51.18,52.580002,50.766998,52.41,51.4809,2335200,16345868400.0,1.2299999999999969,2.40328253223915
2022-03-25,52.240002,53.82,52.029999,53.799999,52.846256,2441200,16684411838.759998,1.5599970000000027,2.986211600834171
2022-03-28,54.380001,56.849998,54.049999,56.779999,55.773434,3127000,17367884719.38,2.3999979999999965,4.413383515752411
2022-03-29,57.0,57.389999,54.630001,56.330002,55.331413,2201300,18204660000.0,-0.6699979999999996,-1.1754350877192976
2022-03-30,56.169998,57.790001,55.700001,57.5,56.480667,1934100,17939573961.24,1.3300020000000004,2.367815644216331
2022-03-31,58.34,59.080002,55.779999,56.25,55.252827,3817600,18632629200.0,-2.0900000000000034,-3.5824477202605474
2022-04-01,56.360001,58.299999,55.700001,58.02,56.991451,2156500,18000257119.379997,1.6599990000000062,2.945349486420354
2022-04-04,58.360001,58.700001,57.529999,58.380001,57.345062,1885100,18639017119.379997,0.020000000000003126,0.034270047390854444
2022-04-05,58.650002,60.32,58.450001,59.0,57.954075,2143100,18731637638.76,0.34999799999999937,0.5967570128983105
2022-04-06,58.900002,60.080002,58.369999,59.599998,58.543438,2559400,18811482638.76,0.6999959999999987,1.1884481769627082
2022-04-07,59.759998,61.07,59.349998,60.91,59.830215,3925800,19086148161.24,1.1500019999999935,1.9243675342827042
2022-04-08,61.220001,64.900002,60.900002,64.019997,62.885082,4762100,19552443919.38,2.799996,4.573662127186179
2022-04-11,64.18,64.662003,60.41,60.68,59.60429,3487700,20497808400.000004,-3.500000000000007,-5.453412277968225
2022-04-12,61.0,63.209999,60.880001,61.869999,60.773205,2553000,19482180000.0,0.869999,1.426227868852459
2022-04-13,62.040001,64.550003,61.75,64.199997,63.061893,3405700,19814335519.379997,2.1599959999999996,3.4816182546483194
2022-04-14,64.120003,64.720001,62.181,62.549999,61.441143,1860100,20478646558.14,-1.5700039999999973,-2.448540122495
2022-04-18,62.290001,64.169998,62.290001,63.310001,62.187672,1216800,19894180519.379997,1.0200000000000031,1.6375019804542998
2022-04-19,63.630001,66.889999,62.880001,66.709999,65.52739,2078800,20322149719.38,3.0799979999999962,4.840480829161069
2022-04-20,67.82,68.68,65.065002,65.410004,64.250443,2182800,21660351599.999996,-2.4099959999999925,-3.5535181362429857
2022-04-21,65.0,66.300003,62.150002,62.669998,61.559017,2493700,20759700000.0,-2.3300020000000004,-3.584618461538462
2022-04-22,62.5,64.456001,62.290001,62.43,61.323269,2030500,19961250000.0,-0.07000000000000028,-0.11200000000000045
2022-04-25,62.360001,62.84,59.439999,62.27,61.166111,2261600,19916537119.379997,-0.09000099999999378,-0.1443248854341644
2022-04-26,61.799999,62.220001,59.91,59.950001,58.887238,2136500,19737683680.62,-1.8499979999999994,-2.993524320283564
2022-04-27,60.009998,61.189999,59.73,60.09,59.02475,1991600,19165993161.24,0.08000200000000035,0.13331445203514314
2022-04-28,60.220001,61.349998,58.799999,61.310001,60.223125,3354600,19233063919.38,1.0899999999999963,1.8100298603448983
2022-04-29,61.5,61.860001,59.150002,59.209999,58.160347,2578400,19641870000.0,-2.2900009999999966,-3.7235788617886123
2022-05-02,59.299999,59.990002,56.900002,58.200001,57.168262,2488200,18939233680.62,-1.0999979999999994,-1.8549713634902412
2022-05-03,58.450001,60.450001,58.450001,59.700001,58.64167,2224200,18667761319.38,1.25,2.138579946303166
2022-05-04,60.119999,62.294998,59.842999,61.810001,60.714264,2628900,19201125280.62,1.6900019999999998,2.8110479509489013
2022-05-05,61.220001,61.990002,59.169998,60.16,59.093513,1946800,19552443919.38,-1.0600010000000069,-1.7314619122596988
2022-05-06,60.259998,61.23,58.700001,60.27,59.201557,2861000,19245838161.24,0.010002000000000066,0.016598075559179516
2022-05-09,60.57,60.57,56.57,57.619999,56.598537,2193700,19344846600.0,-2.9500010000000003,-4.870399537724947
2022-05-10,58.25,59.869999,56.735001,57.040001,56.028824,2156200,18603885000.0,-1.2099990000000034,-2.0772515021459284
2022-05-11,57.110001,59.029999,56.529999,57.369999,56.35297,1877000,18239792119.379997,0.25999800000000306,0.4552582655356688
2022-05-12,57.310001,57.849998,53.080002,53.470001,52.651508,3785600,18303668119.38,-3.8399999999999963,-6.700401209206045
2022-05-13,54.529999,55.901001,53.630001,54.610001,53.774059,2317500,17415791080.62,0.08000200000000035,0.14671190439596443
2022-05-16,54.419998,57.130001,54.34,56.59,55.723751,1631900,17380658961.24,2.1700020000000038,3.987508415564447
2022-05-17,56.849998,59.48,55.98,59.32,58.411964,2215100,18156752361.24,2.470002000000001,4.344770601399143
2022-05-18,59.419998,60.255001,56.93,57.279999,56.403194,4609100,18977558961.24,-2.139999000000003,-3.6014794211201475
2022-05-19,57.130001,57.509998,54.919998,57.23,56.353954,2181100,18246179719.38,0.09999899999999684,0.17503763040367676
2022-05-20,57.509998,58.939999,55.490002,56.650002,55.782837,2266200,18367543161.24,-0.8599960000000024,-1.4953852024129828
2022-05-23,57.5,57.59,55.860001,56.599998,55.733597,1581800,18364350000.0,-0.9000020000000006,-1.5652208695652186
2022-05-24,56.549999,57.360001,55.07,56.779999,55.910847,1682300,18060938680.62,0.22999999999999687,0.4067197242567535
2022-05-25,56.880001,59.34,56.880001,59.169998,58.264259,1974700,18166334719.38,2.2899969999999996,4.026014345534206
2022-05-26,59.18,63.042999,59.169998,62.470001,61.513748,3260100,18900908400.0,3.2900010000000037,5.559312267657999
2022-05-27,62.400002,66.639999,62.0,66.599998,65.580528,2793800,19929312638.76,4.199995999999999,6.730762604783249
2022-05-31,65.540001,66.389999,61.369999,62.080002,61.129719,7389300,20932165519.38,-3.4599990000000034,-5.279217191345486
2022-06-01,62.380001,63.919998,62.150002,63.650002,62.675682,2008600,19922924719.38,1.2700010000000006,2.0359105156154143
2022-06-02,63.689999,64.120003,61.98,63.75,62.774151,1758500,20341311880.62,0.06000099999999975,0.09420788340725167
2022-06-03,63.259998,65.82,63.119999,65.169998,64.172417,1793500,20203978161.24,1.9100000000000037,3.019285583916717
2022-06-06,65.57,66.940002,65.385002,66.389999,65.373741,2033200,20941746599.999996,0.8199990000000099,1.250570382797026
2022-06-07,65.519997,66.699997,65.161003,66.550003,65.531296,2721700,20925776641.86,1.0300060000000002,1.5720483015284634
2022-06-08,66.440002,66.470001,63.130001,64.769997,63.778542,1922200,21219607838.760002,-1.6700050000000033,-2.5135535065155525
2022-06-09,64.260002,64.459999,61.16,61.209999,60.273037,1811000,20523359438.76,-3.0500029999999967,-4.746347502447941
2022-06-10,59.849998,61.060001,59.209999,59.790001,58.874771,1540800,19114892361.24,-0.05999700000000274,-0.10024561738498762
2022-06-13,58.27,58.990002,55.200001,55.48,54.630745,2113200,18610272600.0,-2.7900000000000063,-4.78805560322637
2022-06-14,56.029999,56.48,53.32,54.439999,53.606663,2330400,17894861080.62,-1.5899999999999963,-2.8377655334243292
2022-06-15,55.700001,59.555,55.68,58.200001,57.309113,3891700,17789466319.38,2.5,4.4883302605326705
2022-06-16,56.330002,58.349998,56.080002,58.259998,57.368187,4837000,17990676038.76,1.9299960000000027,3.426231016288625
2022-06-17,58.549999,59.5,55.485001,58.099998,57.21064,6478700,18699698680.62,-0.4500010000000003,-0.7685755895572266
2022-06-21,58.099998,60.939999,58.099998,60.380001,59.455738,4363600,18555977361.24,2.2800030000000007,3.924273801179822
2022-06-22,59.279999,60.43,58.865002,59.209999,58.303646,3233400,18932846080.62,-0.06999999999999318,-0.11808367270720295
2022-06-23,59.880001,61.23,57.790001,58.650002,57.752224,2667600,19124474719.38,-1.2299989999999994,-2.054106512122469
2022-06-24,58.84,60.34,57.98,59.279999,58.372574,6473700,18792319200.0,0.43999899999999315,0.7477889191026396
2022-06-27,59.119999,59.870998,58.419998,59.419998,58.510433,1718900,18881745280.62,0.2999989999999997,0.5074408069594177
2022-06-28,59.84,60.91,57.830002,58.080002,57.190945,1401700,19111699200.0,-1.759998000000003,-2.9411731283422506
2022-06-29,57.959999,58.154999,56.32,57.310001,56.432735,1412200,18511264480.620003,-0.6499980000000036,-1.121459646678054
2022-06-30,56.900002,58.834,56.549999,57.259998,56.383488,2424400,18172722638.76,0.3599960000000024,0.6326818758284093
2022-07-01,56.720001,58.09,56.619999,57.599998,56.718292,1531900,18115233919.38,0.8799969999999959,1.551475642604442
2022-07-05,57.150002,57.369999,52.889999,54.939999,54.09901,2696000,18252567638.76,-2.2100030000000004,-3.8670217369371227
2022-07-06,55.130001,57.220001,54.560001,56.759998,55.891148,1716600,17607419719.38,1.629997000000003,2.9566424277772154
2022-07-07,57.57,59.900002,57.57,59.110001,58.205177,1872100,18386706600.0,1.5400009999999966,2.675006079555318
2022-07-08,58.939999,59.810001,57.419998,59.650002,58.736912,2096000,18824256880.62,0.7100030000000004,1.2046199729321345
2022-07-11,59.650002,60.139999,58.41,59.84,58.924,1774700,19051017638.76,0.18999800000000278,0.3185213640059941
2022-07-12,59.41,61.110001,58.919998,59.23,58.323345,1808400,18974365800.0,-0.17999999999999972,-0.3029792964147445
2022-07-13,58.150002,60.279999,58.150002,59.82,58.904312,1577200,18571947638.76,1.6699979999999996,2.871879522893223
2022-07-14,58.290001,58.970001,57.09,57.919998,57.033394,2608600,18616660519.379997,-0.370002999999997,-0.6347623840322064
2022-07-15,54.959999,56.646,52.639999,55.66,54.807995,5186100,17553124480.620003,0.7000009999999932,1.2736554089092926
2022-07-18,56.330002,56.669998,54.59,54.810001,53.971004,2583100,17990676038.76,-1.5200010000000006,-2.698386199240683
2022-07-19,55.439999,55.5,54.169998,55.0,54.158092,2326200,17706426880.62,-0.43999900000000025,-0.7936490042144485
2022-07-20,55.16,55.345001,53.369999,54.07,53.242329,2803600,17617000800.0,-1.0899999999999963,-1.9760696156635178
2022-07-21,53.860001,54.855,53.310001,54.16,53.330952,1816800,17201807119.379997,0.2999989999999997,0.5569977616598999
2022-07-22,54.790001,55.599998,53.419998,54.0,53.173401,1503100,17498830519.379997,-0.7900009999999966,-1.441870753022977
2022-07-25,53.98,55.060001,53.369999,54.959999,54.118698,1847700,17240132400.0,0.9799990000000065,1.8154853649499936
2022-07-26,55.400002,56.669998,54.889999,55.5,54.65044,1993500,17693652638.76,0.09999799999999937,0.18050179853784004
2022-07-27,55.029999,55.759998,54.18,55.529999,54.679981,1557200,17575481080.62,0.5,0.908595328159101
2022-07-28,62.580002,65.940002,62.189999,64.589996,63.601292,8460600,19986801038.76,2.009993999999999,3.2118790919821305
2022-07-29,63.849998,66.599998,63.639999,66.099998,65.088181,3895200,20392412361.24,2.25,3.5238842137473516
2022-08-01,66.050003,66.599998,64.129997,65.300003,64.300438,2735200,21095049958.14,-0.75,-1.1355033549355025
2022-08-02,65.300003,66.790001,64.989998,65.839996,64.832161,1722900,20855514958.14,0.5399929999999955,0.8269417690532043
2022-08-03,66.629997,67.379997,65.540001,67.169998,66.1418,2286700,21280288441.86,0.5400010000000037,0.8104472824754948
2022-08-04,65.510002,68.370003,65.510002,67.459999,66.427361,2425900,20922584438.76,1.9499969999999962,2.976640116725987
2022-08-05,69.760002,75.980003,69.75,74.300003,73.162666,4216800,22279949438.76,4.540001000000004,6.50802876983863
2022-08-08,77.010002,77.629997,74.970001,75.889999,74.728317,3183600,24595454438.76,-1.120002999999997,-1.454360434895193
2022-08-09,75.75,76.769997,75.019997,75.720001,74.560921,2945700,24193035000.0,-0.02999900000000366,-0.039602640264031236
2022-08-10,76.050003,77.199997,75.5,77.120003,75.939491,2134600,24288849958.14,1.0699999999999932,1.406969043775045
2022-08-11,77.120003,80.059998,76.68,78.830002,77.623314,2540200,24630586558.14,1.7099989999999963,2.217322268517023
2022-08-12,79.650002,81.68,79.040001,81.5,80.396248,2170800,25438617638.76,1.8499979999999994,2.3226590753883465
2022-08-15,80.25,82.43,80.25,81.199997,80.100304,1980100,25630245000.0,0.9499969999999962,1.1837968847351978
2022-08-16,81.099998,82.110001,80.900002,81.400002,80.2976,1878800,25901717361.24,0.30000400000000127,0.36991862811143505
2022-08-17,80.419998,81.449997,79.099998,79.699997,78.620628,2502200,25684538961.24,-0.7200010000000105,-0.8953009424347543
2022-08-18,79.419998,82.144997,79.419998,81.599998,80.494904,1939600,25365158961.24,2.1799999999999926,2.744900597957699
2022-08-19,80.309998,81.279999,79.849998,80.839996,79.745193,1704000,25649407161.239998,0.5299980000000062,0.6599402480373692
2022-08-22,80.75,80.75,79.519997,79.650002,78.571304,1724600,25789935000.0,-1.0999979999999994,-1.3622266253869961
2022-08-23,80.269997,80.889999,79.599998,79.75,78.669945,1065800,25636631641.86,-0.5199970000000036,-0.6478099158269603
2022-08-24,79.660004,80.815002,79.309998,80.370003,79.281563,1430200,25441812077.52,0.7099989999999963,0.8912866737993087
2022-08-25,80.010002,82.830002,79.764999,82.739998,81.619446,1551700,25553594438.76,2.729996,3.412068406147521
2022-08-26,82.739998,83.230003,80.599998,80.830002,79.735321,1641000,26425500561.24,-1.9099960000000067,-2.308431286159817
2022-08-29,79.650002,81.989998,79.150002,81.0,79.903023,1191200,25438617638.76,1.3499979999999994,1.6949127006927123
2022-08-30,81.580002,81.580002,78.980003,79.690002,78.610764,1802800,26055021038.76,-1.8899999999999864,-2.3167442432766627
2022-08-31,80.260002,82.389999,79.57,81.589996,80.485023,3016500,25633439438.76,1.3299939999999992,1.6571068612731898
2022-09-01,81.589996,82.940002,81.160004,82.519997,81.402435,2421100,26058212922.48,0.9300010000000043,1.1398468508320607
2022-09-02,82.580002,83.690002,80.959999,81.07,79.972069,2232200,26374401038.76,-1.510002,-1.828532287998734
2022-09-06,81.699997,82.699997,81.080002,82.260002,81.145958,2013300,26093345041.86,0.5600050000000039,0.6854406616440928
2022-09-07,82.599998,84.459999,81.683998,82.900002,81.77729,1759100,26380787361.24,0.30000400000000127,0.3632009773172165
2022-09-08,82.870003,85.949997,82.870003,85.790001,84.628143,2184400,26467021558.14,2.9199980000000068,3.523588625910882
2022-09-09,86.5,87.809998,85.434998,87.510002,86.32486,1905300,27626370000.0,1.010002,1.1676323699421964
2022-09-12,88.559998,88.660004,87.459999,88.129997,86.936447,1733800,28284292161.239998,-0.4300009999999901,-0.4855476622752296
2022-09-13,86.900002,88.029999,85.769997,86.379997,85.210159,1974200,27754122638.76,-0.5200049999999976,-0.598394692787231
2022-09-14,86.379997,88.529999,86.260002,88.050003,86.857544,3600300,27588043441.86,1.6700060000000008,1.9333249108587036
2022-09-15,87.879997,88.260002,86.309998,86.800003,85.624466,3631800,28067113441.86,-1.0799939999999992,-1.2289417806875882
2022-09-16,86.610001,86.860001,84.892998,85.57,84.411133,6245600,27661502119.379997,-1.0400010000000037,-1.2007862694748195
2022-09-19,85.400002,89.699997,85.25,89.360001,88.149796,4407400,27275052638.76,3.9599989999999963,4.637001062365311
2022-09-20,88.410004,90.18,87.559998,87.75,86.5616,4626000,28236387077.52,-0.6600040000000007,-0.7465263772638226
2022-09-21,88.790001,90.089996,87.230003,87.279999,86.097969,2155100,28357750519.38,-1.510002,-1.7006441975375133
2022-09-22,88.0,88.0,84.629997,85.379997,84.223701,1863300,28105440000.0,-2.620002999999997,-2.9772761363636326
2022-09-23,83.785004,84.339996,82.154999,83.849998,82.714424,2678800,26759254577.52,0.06499399999999866,0.07757235411721013
2022-09-26,83.669998,84.949997,81.650002,82.919998,81.79702,1973300,26722523961.24,-0.75,-0.8963786517599773
2022-09-27,83.690002,85.415001,83.080002,83.970001,82.832802,1777800,26728912838.760002,0.27999899999998945,0.33456684587005914
2022-09-28,84.110001,85.529999,83.18,85.019997,83.868584,1564300,26863052119.379997,0.9099960000000067,1.0819117693269398
2022-09-29,85.050003,86.209999,82.07,83.040001,81.915398,1823700,27163269958.14,-2.010002,-2.3633179648447515
2022-09-30,83.279999,84.449997,82.220001,83.190002,82.063362,3267800,26597966080.620003,-0.08999699999999677,-0.10806556325726753
2022-10-03,85.029999,86.910004,83.870003,86.589996,85.417313,2026700,27156881080.620003,1.5599969999999956,1.8346430887291856
2022-10-04,88.300003,89.464996,87.160004,89.339996,88.130074,1679100,28201254958.14,1.0399929999999955,1.177794976971853
2022-10-05,87.68,89.470001,85.589996,88.169998,86.975922,1766700,28003238400.000004,0.48999799999999993,0.5588480839416057
2022-10-06,88.230003,89.908997,85.949997,86.279999,85.111519,1677300,28178898358.14,-1.9500039999999927,-2.2101370664126496
2022-10-07,85.709999,85.75,83.370003,84.389999,83.247108,2017200,27374059480.62,-1.3199999999999932,-1.5400770218186481
2022-10-10,84.949997,85.629997,83.93,84.720001,83.572647,982800,27131330041.86,-0.22999599999999987,-0.27074279943765023
2022-10-11,84.410004,85.32,82.550003,82.879997,81.757561,1534200,26958867077.52,-1.5300069999999977,-1.8125896546575186
2022-10-12,83.110001,83.589996,81.68,82.160004,81.047318,1878400,26543672119.379997,-0.9499969999999962,-1.1430597865111278
2022-10-13,80.559998,84.32,79.300003,83.82,82.684822,2746500,25729252161.239998,3.260002,4.0466758700763625
2022-10-14,84.209999,84.760002,80.709999,81.260002,80.159508,1693300,26894989480.62,-2.949996999999996,-3.5031433737459095
2022-10-17,83.220001,86.290001,83.139999,85.190002,84.036278,1678900,26578803919.379997,1.9700010000000105,2.3672205915979387
2022-10-18,86.5,87.400002,84.510002,86.510002,85.338402,1598900,27626370000.0,0.010002000000000066,0.011563005780346898
2022-10-19,85.089996,86.230003,84.559998,85.690002,84.52951,1325800,27176042922.48,0.6000060000000076,0.7051428231351752
2022-10-20,86.370003,86.730003,84.18,84.559998,83.414803,2076500,27584851558.14,-1.8100050000000039,-2.0956407747259242
2022-10-21,84.699997,87.459999,83.660004,87.279999,86.097969,1749200,27051485041.86,2.5800020000000075,3.0460473333901152
2022-10-24,87.568001,87.709999,85.57,87.580002,86.393906,1325000,27967468159.379997,0.01200099999999793,0.013704777844589521
2022-10-25,87.5,88.559998,86.75,88.150002,86.956184,1647200,27945750000.0,0.6500020000000006,0.7428594285714293
2022-10-26,89.68,89.68,87.330002,88.779999,87.577644,1370100,28641998400.000004,-0.9000010000000032,-1.003569357716328
2022-10-27,89.805,93.139999,89.805,93.040001,91.779961,3345800,28681920900.000004,3.235000999999997,3.602250431490448
2022-10-28,92.889999,95.251999,91.82,93.75,92.480347,1958000,29667207880.620003,0.8600009999999969,0.9258273326065994
2022-10-31,94.139999,95.419998,93.375,94.540001,93.259651,2276600,30066432880.620003,0.40000200000000063,0.4249012154759006
2022-11-01,95.239998,96.239998,94.004997,95.519997,94.226364,1467400,30417750561.24,0.27999900000000366,0.2939930763123322
2022-11-02,94.68,96.290001,92.980003,93.089996,91.829277,1966100,30238898400.000004,-1.5900040000000075,-1.6793451626531553
2022-11-03,92.160004,95.449997,92.160004,94.410004,93.131416,1484400,29434062077.52,2.25,2.4414061440361916
2022-11-04,95.089996,96.209999,92.745003,94.32,93.042625,1974300,30369842922.48,-0.7699960000000061,-0.8097550030394428
2022-11-07,95.059998,95.059998,92.959999,93.5,92.233727,2120300,30360262161.239998,-1.5599979999999931,-1.6410667292460843
2022-11-08,89.559998,93.105003,86.080002,87.540001,86.354454,4345400,28603672161.239998,-2.0199969999999894,-2.255467893154698
2022-11-09,87.0,89.919998,86.330002,87.349998,86.167023,2241500,27786060000.0,0.34999799999999937,0.4022965517241372
2022-11-10,90.5,95.839996,88.199997,95.139999,93.851524,4885600,28903890000.0,4.639999000000003,5.127070718232048
2022-11-11,95.290001,95.870003,91.605003,92.309998,91.059853,3133200,30433720519.38,-2.9800030000000106,-3.127298739350428
2022-11-14,92.0,94.720001,92.0,93.919998,92.78978,1997000,29382960000.0,1.9199980000000068,2.086954347826094
2022-11-15,94.510002,94.75,92.650002,93.5,92.374832,2537200,30184604438.76,-1.010002,-1.0686720755756625
2022-11-16,94.309998,94.519997,91.279999,91.68,90.576736,1384600,30120727161.239998,-2.6299979999999863,-2.78867358262481
2022-11-17,90.43,91.459999,88.870003,90.050003,88.966362,1792500,28881533400.000004,-0.379997000000003,-0.4202112130930034
2022-11-18,90.120003,93.440002,90.026001,93.300003,92.177246,2515700,28782526558.14,3.180000000000007,3.528628377875228
2022-11-21,94.07,94.220001,92.760002,93.389999,92.266167,1744800,30044076599.999996,-0.6800009999999901,-0.7228670139257894
2022-11-22,94.559998,96.360001,94.089996,96.269997,95.111504,1567600,30200572161.239998,1.7099990000000105,1.808374615236361
2022-11-23,96.029999,97.889999,94.415001,96.620003,95.457298,1135900,30670061080.620003,0.5900039999999933,0.6143955078037575
2022-11-25,96.599998,97.449997,96.0,97.160004,95.990791,631700,30852107361.24,0.5600060000000013,0.5797163681100712
2022-11-28,96.07,96.589996,94.379997,94.809998,93.669067,1590100,30682836599.999996,-1.260002,-1.3115457478921622
2022-11-29,94.690002,95.110001,93.32,94.43,93.29364,1436200,30242092838.760002,-0.26000200000000007,-0.2745823154592394
2022-11-30,94.139999,96.940002,93.760002,96.120003,94.96331,3361800,30066432880.620003,1.9800039999999939,2.1032547493441056
2022-12-01,97.0,97.779999,93.879997,94.470001,93.33316,1748600,30979860000.0,-2.5299990000000037,-2.6082463917525813
2022-12-02,92.989998,93.489998,91.040001,92.040001,90.932404,1848700,29699145561.24,-0.9499969999999962,-1.0216120232629708
2022-12-05,91.010002,91.610001,89.800003,90.059998,88.976227,2397000,29066774438.76,-0.950004000000007,-1.0438457082991899
2022-12-06,89.860001,90.879997,89.800003,90.779999,89.687561,1237500,28699487119.379997,0.9199980000000068,1.0238125859802816
2022-12-07,90.879997,93.199997,90.589996,91.970001,90.863251,1237200,29025253441.86,1.0900039999999933,1.1993882438178263
2022-12-08,92.330002,92.985001,90.93,91.410004,90.30999,1002400,29488356038.76,-0.9199979999999925,-0.9964236760224402
2022-12-09,91.360001,91.860001,89.690002,89.720001,88.640327,1384600,29178557119.379997,-1.6400000000000006,-1.7950963025930795
2022-12-12,89.980003,90.919998,89.07,90.879997,89.786362,1554100,28737813358.14,0.8999940000000066,1.000215570119515
2022-12-13,91.980003,92.709999,90.389999,90.839996,89.746834,1629900,29376573358.14,-1.140006999999997,-1.239407439462681
2022-12-14,91.540001,92.290001,89.879997,90.849998,89.756721,2561600,29236045519.38,-0.6900030000000044,-0.7537721132426078
2022-12-15,90.809998,90.849998,89.43,89.699997,88.62056,2245100,29002897161.239998,-1.110000999999997,-1.2223334703740407
2022-12-16,88.150002,88.599998,85.93,88.199997,87.138618,3911700,28153347638.76,0.04999499999999557,0.05671582401098025
2022-12-19,88.379997,88.669998,87.0,87.730003,86.674271,1238100,28226803441.86,-0.6499940000000066,-0.7354537475261587
2022-12-20,88.0,88.120003,87.125,87.559998,86.506317,1306600,28105440000.0,-0.4400020000000069,-0.5000022727272805
2022-12-21,87.989998,90.169998,86.709999,89.650002,88.571175,1409500,28102245561.24,1.6600040000000007,1.8865826090824558
2022-12-22,89.129997,89.375,86.529999,87.330002,86.279083,1548300,28466338441.86,-1.7999950000000098,-2.0195165046398573
2022-12-23,87.519997,88.230003,87.129997,88.040001,86.980545,600700,27952136641.86,0.5200040000000001,0.5941544993425905
2022-12-27,88.440002,88.910004,87.269997,87.639999,86.585358,634400,28245967838.760002,-0.8000030000000038,-0.9045714404212744
2022-12-28,87.949997,88.339996,86.419998,86.610001,85.567749,752000,28089470041.86,-1.3399959999999993,-1.5235884544714644
2022-12-29,87.160004,87.690002,86.279999,86.769997,85.725815,870800,27837162077.52,-0.3900069999999971,-0.4474609707452481
2022-12-30,86.599998,86.599998,85.120003,86.209999,85.172554,1343300,27658307361.24,-0.3899990000000031,-0.4503452759895018
2023-01-03,86.0,86.120003,80.790001,81.910004,80.924316,4030600,27466680000.0,-4.089995999999999,-4.75580930232558
2023-01-04,81.949997,83.739998,81.290001,83.410004,82.406258,2612200,26173190041.86,1.4600070000000045,1.781582737580826
2023-01-05,82.919998,83.919998,81.885002,82.410004,81.418289,1906300,26482988961.24,-0.509994000000006,-0.6150434301747161
2023-01-06,83.620003,85.160004,83.080002,83.5,82.495171,1914100,26706556558.14,-0.12000299999999697,-0.14350992070640917
2023-01-09,83.849998,85.209999,83.580002,84.0,82.989159,1301500,26780012361.24,0.15000200000000063,0.17889326604396658
2023-01-10,83.400002,83.489998,81.580002,83.080002,82.080223,1376700,26636292638.76,-0.3200000000000074,-0.38369303636228613
2023-01-11,83.0,84.375,82.440002,84.110001,83.097832,1696200,26508540000.0,1.110000999999997,1.3373506024096349
2023-01-12,83.879997,84.800003,82.769997,84.339996,83.325058,1496700,26789593441.86,0.45999899999999627,0.5484013071674242
2023-01-13,83.809998,85.705002,83.449997,85.160004,84.135201,1366200,26767237161.239998,1.3500060000000076,1.6107934998399687
2023-01-17,83.93,85.019997,83.0,83.370003,82.366737,2763600,26805563400.000004,-0.5599970000000098,-0.667219111164077
2023-01-18,83.32,84.510002,81.769997,81.849998,80.865028,2084900,26610741599.999996,-1.4700019999999938,-1.7642846855496805
2023-01-19,81.599998,81.790001,80.754997,80.839996,79.867188,1635500,26061407361.24,-0.7600020000000001,-0.9313750228278193
2023-01-20,81.120003,83.099998,80.449997,83.0,82.00119,1795100,25908106558.14,1.879997000000003,2.3175504566980885
2023-01-23,82.93,84.290001,82.557999,84.139999,83.127472,1596200,26486183400.000004,1.2099989999999963,1.4590606535632413
2023-01-24,84.0,84.230003,82.980003,83.910004,82.900246,1176000,26827920000.0,-0.0899959999999993,-0.10713809523809441
2023-01-25,83.419998,83.559998,82.489998,83.400002,82.39637,1535200,26642678961.24,-0.01999600000000612,-0.0239702714929412
2023-01-26,83.629997,86.07,83.279999,85.879997,84.846527,2161100,26709748441.86,2.25,2.6904221938451105
2023-01-27,85.879997,86.660004,84.839996,86.580002,85.538109,1455100,27428353441.86,0.7000049999999902,0.8150966749567892
2023-01-30,85.919998,86.849998,82.25,82.400002,81.408417,3045800,27441128961.24,-3.519996000000006,-4.096829704302374
2023-01-31,82.879997,85.5,82.379997,85.360001,84.332802,2509000,26470213441.86,2.480003999999994,2.99228292684421
2023-02-01,85.455002,85.870003,82.875,85.410004,84.382187,2623400,27292618538.76,-0.044997999999992544,-0.052656952719973664
2023-02-02,85.480003,86.68,83.754997,85.330002,84.303154,2389600,27300603358.14,-0.15000100000000316,-0.1754808080668916
2023-02-03,84.379997,85.160004,83.050003,83.199997,82.198776,1807200,26949283441.86,-1.1800000000000068,-1.3984356979771009
2023-02-06,83.010002,83.849998,82.510002,83.260002,82.258064,1502000,26511734438.76,0.25,0.3011685266553782
2023-02-07,83.330002,86.269997,82.330002,85.93,84.895935,2032900,26613936038.76,2.5999980000000136,3.120122330010281
2023-02-08,84.75,85.0,84.139999,84.339996,83.325058,2005900,27067455000.0,-0.4100040000000007,-0.48378053097345214
2023-02-09,84.93,85.459999,83.93,84.419998,83.404091,1975000,27124943400.000004,-0.5100020000000001,-0.6004968797833511
2023-02-10,84.209999,87.0,84.169998,86.809998,85.765343,1350300,26894989480.62,2.599998999999997,3.087518146152688
2023-02-13,86.889999,87.300003,85.940002,86.389999,85.350403,1173500,27750927880.620003,-0.5,-0.5754402183846268
2023-02-14,85.919998,87.601997,85.150002,86.059998,85.024361,2383100,27441128961.24,0.13999999999998636,0.162942275673687
2023-02-15,84.5,86.485001,84.360001,86.010002,84.974976,2030600,26987610000.0,1.510002,1.7869846153846156
2023-02-16,85.0,87.919998,84.925003,85.629997,84.599541,3037600,27147300000.0,0.629997000000003,0.7411729411764741
2023-02-17,85.199997,86.040001,81.900002,84.550003,83.532539,3570700,27211175041.86,-0.6499939999999924,-0.762903782731345
2023-02-21,81.610001,83.010002,79.900002,80.370003,79.402847,5056000,26064602119.379997,-1.239998,-1.5194191702068476
2023-02-22,79.309998,79.309998,76.400002,77.800003,76.863762,3341000,25330027161.239998,-1.5099949999999893,-1.90391506503378
2023-02-23,78.0,79.445,78.0,79.220001,78.266678,1584900,24911640000.0,1.2200009999999963,1.5641038461538415
2023-02-24,77.730003,79.410004,77.480003,79.269997,78.595848,1529100,24825408358.14,1.5399940000000072,1.981209237828033
2023-02-27,79.419998,80.099998,77.995003,78.370003,77.703514,1326200,25365158961.24,-1.0499950000000098,-1.322078854748913
2023-02-28,77.809998,77.989998,74.400002,74.889999,74.253105,3584800,24850957161.239998,-2.91999899999999,-3.7527298227150583
2023-03-01,74.129997,75.389999,72.830002,74.349998,73.717705,2594400,23675638441.86,0.22000099999999634,0.29677729516162843
2023-03-02,74.129997,76.730003,74.0,76.18,75.532127,1949900,23675638441.86,2.050003000000004,2.7654162727134652
2023-03-03,76.230003,79.199997,76.0,78.980003,78.308327,2304600,24346338358.14,2.75,3.6075034655318063
2023-03-06,78.360001,78.879997,77.349998,78.800003,78.129852,2295000,25026617119.379997,0.4400020000000069,0.5615135201440425
2023-03-07,79.07,79.07,77.32,77.900002,77.237511,2203900,25253376599.999996,-1.1699979999999925,-1.4796990008852822
2023-03-08,77.75,78.449997,77.099998,78.07,77.406059,1261600,24831795000.0,0.3199999999999932,0.41157556270095585
2023-03-09,78.040001,80.190002,77.400002,78.639999,77.971214,3110500,24924415519.38,0.5999979999999994,0.7688339214654794
2023-03-10,79.190002,79.779999,77.239998,77.550003,76.89048,2895700,25291702838.760002,-1.639999000000003,-2.0709672415464806
2023-03-13,76.93,78.605003,76.489998,77.099998,76.444305,2242400,24569903400.000004,0.16999799999999254,0.22097751202390814
2023-03-14,77.5,79.099998,77.169998,77.93,77.26725,2142800,24751950000.0,0.4300000000000068,0.5548387096774281
2023-03-15,77.290001,77.879997,76.349998,77.330002,76.672363,1957000,24684880519.38,0.04000099999998952,0.05175443069277423
2023-03-16,76.620003,79.040001,76.029999,78.43,77.762993,1962900,24470896558.14,1.8099970000000098,2.3623034835955434
2023-03-17,77.720001,78.459999,75.985001,76.769997,76.117111,3896500,24822213919.379997,-0.9500039999999927,-1.2223417238504575
2023-03-20,77.059998,78.43,76.910004,77.0,76.345161,1629500,24611422161.239998,-0.05999799999999311,-0.0778588133365811
2023-03-21,77.580002,78.110001,75.970001,76.519997,75.86924,2045700,24777501038.76,-1.0600049999999896,-1.3663379384805763
2023-03-22,76.269997,76.330002,74.400002,74.419998,73.787094,1863400,24359111641.86,-1.8499989999999968,-2.425592071283282
2023-03-23,74.669998,75.129997,72.769997,73.400002,72.77578,1655400,23848103961.24,-1.2699960000000061,-1.7008116164674414
2023-03-24,72.559998,73.519997,71.160004,73.440002,72.815437,2777200,23174212161.239998,0.8800040000000138,1.2127949617639375
2023-03-27,73.440002,75.425003,73.440002,75.269997,74.629875,3225500,23455267838.760002,1.8299949999999967,2.4918231892204967
2023-03-28,75.07,76.809998,74.853996,75.510002,74.867828,1752200,23975856599.999996,0.4400020000000069,0.5861222858665338
2023-03-29,76.290001,76.559998,75.425003,75.879997,75.234688,2299500,24365500519.38,-0.4100040000000007,-0.5374282273243131
2023-03-30,76.690002,77.440002,76.0,76.82,76.166687,1737800,24493252838.760002,0.1299979999999863,0.16951101396500978
2023-03-31,76.82,78.599998,76.730003,78.5,77.832405,2984400,24534771599.999996,1.6800000000000068,2.186930486852391
2023-04-03,78.0,78.550003,76.480003,76.620003,75.968399,1894900,24911640000.0,-1.379997000000003,-1.7692269230769269
2023-04-04,76.669998,76.970001,75.120003,76.019997,75.373497,1316200,24486863961.24,-0.6500010000000032,-0.8477905529618027
2023-04-05,75.879997,77.120003,75.68,76.5,75.849411,1204800,24234553441.86,0.620002999999997,0.8170835852826892
2023-04-06,76.610001,76.980003,76.160004,76.959999,76.305496,1223000,24467702119.379997,0.34999799999999937,0.45685680124191536
2023-04-10,76.529999,77.370003,75.860001,77.330002,76.672363,1485500,24442151080.620003,0.8000029999999896,1.0453456297575408
2023-04-11,77.760002,77.809998,77.175003,77.419998,76.761581,1371500,24834989438.76,-0.3400039999999933,-0.43724793114073396
2023-04-12,77.93,77.949997,76.660004,76.809998,76.156769,1171100,24889283400.000004,-1.1200020000000137,-1.4371897857051374
2023-04-13,76.690002,77.589996,76.169998,77.139999,76.483971,1324700,24493252838.760002,0.4499969999999962,0.5867740099941531
2023-04-14,76.32,76.635002,75.5,76.43,75.780006,1328400,24375081599.999996,0.11000000000001364,0.1441299790356573
2023-04-17,76.580002,76.824997,74.660004,75.040001,74.401825,1093300,24458121038.76,-1.5400009999999895,-2.0109701746938966
2023-04-18,75.339996,75.949997,74.169998,74.480003,73.846588,1235200,24062087922.48,-0.8599930000000029,-1.1414826727625562
2023-04-19,74.970001,75.400002,74.502998,74.75,74.114288,1039300,23943918919.379997,-0.22000099999999634,-0.2934520435713964
2023-04-20,74.739998,76.57,74.690002,76.470001,75.819672,1926900,23870460561.24,1.7300029999999964,2.3146950044071404
2023-04-21,76.82,76.964996,75.959999,76.550003,75.898994,1178900,24534771599.999996,-0.2699969999999894,-0.35146706586824966
2023-04-24,76.43,77.334999,75.599998,77.290001,76.632698,1094300,24410213400.000004,0.8600009999999969,1.1252139212351129
2023-04-25,76.639999,77.139999,75.839996,76.93,76.275757,1722400,24477282880.620003,0.29000100000000373,0.3783937940813435
2023-04-26,76.510002,76.970001,75.459999,75.860001,75.214859,3100600,24435764438.76,-0.6500010000000032,-0.8495634335495158
2023-04-27,76.269997,77.239998,75.980003,76.75,76.097282,1865700,24359111641.86,0.4800029999999964,0.6293470812644667
2023-04-28,76.900002,77.470001,76.300003,77.400002,76.741753,2233400,24560322638.76,0.5,0.6501950416074112
2023-05-01,77.519997,77.650002,76.760002,77.050003,76.394737,1788300,24758336641.86,-0.4699939999999998,-0.606287433163858
2023-05-02,76.730003,77.400002,75.949997,76.790001,76.13694,2554000,24506028358.14,0.05999800000000732,0.07819366304469885
2023-05-03,77.199997,77.599998,76.150002,76.510002,75.859329,1607000,24656135041.86,-0.6899949999999961,-0.8937759414679721
2023-05-04,76.980003,80.370003,74.910004,78.589996,77.921638,3830400,24585873358.14,1.609993000000003,2.091443150502349
2023-05-05,79.120003,80.449997,78.279999,79.489998,78.81398,2359300,25269346558.14,0.36999500000000296,0.4676377476881579
2023-05-08,79.739998,79.849998,78.080002,78.709999,78.040611,2360100,25467360561.24,-1.0299990000000037,-1.2916967968822919
2023-05-09,77.980003,79.099998,77.809998,78.949997,78.27858,3158300,24905253358.14,0.9699939999999998,1.2439009524018612
2023-05-10,79.849998,80.120003,78.745003,79.455002,78.779282,1629400,25502492361.24,-0.3949960000000061,-0.49467252334809847
2023-05-11,78.580002,79.550003,78.239998,79.120003,78.726547,2497400,25096881038.76,0.5400010000000037,0.6871990153423562
2023-05-12,79.449997,80.389999,78.860001,79.849998,79.452911,1991000,25374740041.86,0.40000100000000316,0.5034625740766273
2023-05-15,80.629997,81.089996,79.18,80.269997,79.870819,2048300,25751608441.86,-0.35999999999999943,-0.44648395559285387
2023-05-16,80.190002,80.190002,78.330002,79.0,78.60714,3709100,25611082838.760002,-1.1900020000000069,-1.4839780151146609
2023-05-17,79.089996,80.629997,78.709999,80.389999,79.990227,2329500,25259762922.48,1.3000030000000038,1.6437009302668364
2023-05-18,80.269997,81.470001,79.561996,81.400002,80.995201,2849300,25636631641.86,1.130004999999997,1.4077551292296635
2023-05-19,81.730003,83.235001,81.529999,82.300003,81.890732,2407100,26102928358.14,0.5700000000000074,0.697418303043507
2023-05-22,82.730003,83.959999,82.309998,83.529999,83.114609,1908300,26422308358.14,0.7999960000000073,0.9669962178050535
2023-05-23,83.360001,84.559998,83.165001,84.040001,83.622078,2232200,26623517119.379997,0.6800000000000068,0.815738953745942
2023-05-24,84.040001,84.370003,82.550003,83.309998,82.895706,2430300,26840695519.38,-0.7300030000000106,-0.8686375432099418
2023-05-25,83.199997,83.199997,81.900002,82.75,82.338486,1863100,26572415041.86,-0.4499969999999962,-0.5408617983483777
2023-05-26,82.949997,83.949997,82.309998,83.849998,83.433022,2267100,26492570041.86,0.9000010000000032,1.0849922031944175
2023-05-30,83.860001,85.044998,83.135002,83.699997,83.283768,2198200,26783207119.379997,-0.1600040000000007,-0.1907989483567985
2023-05-31,83.529999,84.550003,82.449997,84.019997,83.602173,5214700,26677811080.620003,0.48999799999999993,0.5866131998876235
2023-06-01,84.875,89.162003,84.790001,88.879997,88.438004,3646900,27107377500.0,4.004997000000003,4.718700441826218
2023-06-02,88.660004,89.050003,87.269997,87.540001,87.104675,3225600,28316232077.52,-1.120002999999997,-1.2632562028758727
2023-06-05,87.82,88.809998,87.18,87.510002,87.074821,1819000,28047951599.999996,-0.3099979999999931,-0.35299248462763966
2023-06-06,87.139999,89.889999,87.139999,89.550003,89.104675,2311500,27830772880.620003,2.4100040000000007,2.7656690700673527
2023-06-07,89.550003,90.879997,89.129997,90.809998,90.358406,2452100,28600479958.14,1.2599949999999893,1.4070295452697965
2023-06-08,91.489998,92.468002,91.059998,92.300003,91.841003,3075700,29220075561.24,0.8100050000000039,0.8853481448321857
2023-06-09,92.300003,93.769997,92.089996,93.290001,92.82608,2530100,29478774958.14,0.9899979999999999,1.0725871807393115
2023-06-12,93.0,94.019997,92.879997,93.75,93.283783,1720700,29702340000.0,0.75,0.8064516129032258
2023-06-13,93.959999,95.330002,93.589996,94.25,93.781303,2429900,30008944480.62,0.29000100000000373,0.30864304287615385
2023-06-14,94.529999,95.0,92.769997,93.199997,92.736519,2573200,30190991080.620003,-1.3300020000000075,-1.4069628838142774
2023-06-15,93.720001,93.75,92.959999,93.459999,92.995232,3712300,29932293919.379997,-0.26000200000000007,-0.2774242394641034
2023-06-16,93.589996,94.519997,92.739998,92.889999,92.428062,4963400,29890772922.48,-0.6999969999999962,-0.7479399828161081
2023-06-20,93.129997,93.360001,91.889999,91.989998,91.532539,1846900,29743858441.86,-1.139999000000003,-1.224094316249149
2023-06-21,90.879997,91.035004,89.184998,90.5,90.04995,2684900,29025253441.86,-0.379997000000003,-0.41813051556329056
2023-06-22,90.5,90.684998,87.864998,89.25,88.806168,3205600,28903890000.0,-1.25,-1.3812154696132597
2023-06-23,89.639999,90.699997,89.120003,90.360001,89.910652,2875900,28629222880.620003,0.7200019999999938,0.8032150915128791
2023-06-26,90.25,91.199997,89.690002,90.629997,90.179306,1890400,28824045000.0,0.379997000000003,0.42104930747922775
2023-06-27,90.970001,91.014999,89.980003,90.849998,90.398209,1472800,29053998919.379997,-0.12000299999999697,-0.1319149155555104
2023-06-28,90.900002,90.900002,89.709999,90.550003,90.099709,1605400,29031642638.76,-0.34999899999999684,-0.3850373952687007
2023-06-29,90.510002,91.345001,90.139999,90.870003,90.418114,1738700,28907084438.76,0.3600009999999969,0.397747201463985
2023-06-30,92.050003,92.290001,91.040001,91.550003,91.094734,2666400,29398929958.14,-0.5,-0.5431830349858869
2023-07-03,91.010002,91.739998,90.330002,91.599998,91.144478,1089100,29066774438.76,0.5899959999999993,0.648275999378617
2023-07-05,91.419998,93.209999,91.349998,92.139999,91.681793,2087300,29197718961.24,0.7200009999999963,0.7875749461293975
2023-07-06,91.470001,91.470001,89.849998,91.0,90.54747,2263300,29213688919.379997,-0.47000099999999634,-0.5138307585674962
2023-07-07,91.0,91.709999,90.660004,91.330002,90.875832,1334000,29063580000.0,0.33000199999999325,0.36263956043955303
2023-07-10,91.379997,93.629997,91.379997,93.599998,93.134537,1539300,29184943441.86,2.2200009999999963,2.4294168011408406
2023-07-11,93.839996,94.43,92.860001,94.360001,93.890762,1260900,29970617922.48,0.5200049999999976,0.554140049196078
2023-07-12,94.940002,96.160004,94.080002,96.059998,95.582306,1532600,30321937838.760002,1.1199959999999862,1.1796881992903119
2023-07-13,95.849998,96.07,94.879997,95.269997,94.796227,1462400,30612572361.24,-0.5800009999999958,-0.6051132103309963
2023-07-14,94.889999,95.535004,94.698997,95.0,94.527573,1259900,30305967880.620003,0.1100009999999969,0.11592475620112179
2023-07-17,94.470001,96.919998,94.470001,96.18,95.701706,1951400,30171828919.379997,1.7099990000000105,1.8100973662528177
2023-07-18,96.0,96.650002,93.889999,95.370003,94.895737,1925300,30660480000.0,-0.629997000000003,-0.6562468750000032
2023-07-19,94.830002,95.540001,93.93,94.730003,94.258926,1785300,30286806038.76,-0.09999899999999684,-0.10545080448273833
2023-07-20,95.5,97.32,95.239998,96.889999,96.408173,1600300,30500790000.0,1.389999000000003,1.4554963350785373
2023-07-21,97.580002,98.150002,96.309998,96.599998,96.119614,5081100,31165101038.76,-0.9800039999999939,-1.0043082393050105
2023-07-24,96.599998,96.809998,95.760002,96.550003,96.06987,1077800,30852107361.24,-0.04999499999999557,-0.05175465945661362
2023-07-25,95.949997,98.160004,95.900002,97.519997,97.035034,854800,30644510041.86,1.5700000000000074,1.6362689412069575
2023-07-26,96.669998,98.239998,96.669998,97.339996,96.855934,1243000,30874463961.24,0.6699979999999925,0.6930774944259257
2023-07-27,97.730003,97.75,95.199997,95.419998,94.94548,897900,31213008358.14,-2.3100049999999896,-2.3636600113477844
2023-07-28,96.260002,96.660004,95.260002,95.739998,95.263893,1135900,30743519438.76,-0.5200040000000001,-0.540207759397304
2023-07-31,95.839996,96.690002,95.400002,96.650002,96.169373,1170200,30609377922.48,0.8100060000000013,0.8451648933708233
2023-08-01,96.239998,97.089996,96.07,96.300003,95.821114,1469600,30737130561.24,0.06000500000000386,0.06234933629155298
2023-08-02,95.989998,96.025002,94.43,95.550003,95.074844,2040300,30657285561.24,-0.43999499999999614,-0.4583758820372057
2023-08-03,95.970001,103.573997,95.760002,101.139999,100.637039,3511000,30650898919.379997,5.169998000000007,5.38709799534128
2023-08-04,101.919998,104.705002,101.790001,103.940002,103.423119,2723600,32551208961.24,2.020004,1.9819505883428294
2023-08-07,104.580002,104.650002,102.775002,103.75,103.234062,1759800,33400761038.76,-0.8300019999999932,-0.7936526908844326
2023-08-08,102.959999,104.93,102.959999,104.809998,104.288788,1207300,32883364480.62,1.8499989999999968,1.7968133430148896
2023-08-09,104.620003,105.900002,104.307999,105.110001,104.587296,1646700,33413536558.14,0.48999799999999993,0.4683597648147649
2023-08-10,105.970001,106.849998,105.110001,105.720001,105.194267,1563700,33844698919.379997,-0.25,-0.23591582300730563
2023-08-11,105.440002,106.717003,104.989998,106.559998,106.313667,1414100,33675427838.760002,1.1199959999999862,1.0622116642220722
2023-08-14,106.459999,107.599998,105.712997,107.0,106.752655,2404000,34001194480.62,0.5400010000000037,0.5072337075637243
2023-08-15,106.389999,106.584999,105.620003,106.239998,105.994408,1709600,33978837880.620003,-0.15000100000000316,-0.14099163587735644
2023-08-16,106.400002,106.449997,105.0,105.099998,104.857048,1835200,33982032638.76,-1.3000040000000013,-1.2218082477103724
2023-08-17,105.480003,106.144997,104.57,104.82,104.57769,1800600,33688203358.14,-0.6600030000000032,-0.6257138616122369
2023-08-18,104.529999,105.540001,104.510002,104.769997,104.527809,1660800,33384791080.620003,0.23999799999999993,0.22959724700657458
2023-08-21,104.599998,106.456001,104.279999,106.110001,105.864708,1377000,33407147361.24,1.5100029999999975,1.4435975419425893
2023-08-22,105.660004,106.544998,105.510002,106.260002,106.014366,1276900,33745692077.52,0.5999979999999994,0.5678572565641766
2023-08-23,106.949997,109.260002,106.949997,108.440002,108.189331,1393500,34157690041.86,1.4900050000000107,1.393179094712841
2023-08-24,108.900002,110.25,106.839996,106.919998,106.672836,1498700,34780482638.76,-1.9800039999999939,-1.818185457884559
2023-08-25,106.82,107.440002,105.57,105.870003,105.625267,1383800,34116171599.999996,-0.9499969999999962,-0.8893437558509607
2023-08-28,106.305,107.349998,105.230003,105.370003,105.126427,1088000,33951690900.000004,-0.9349970000000098,-0.8795418842011287
2023-08-29,105.230003,106.169998,104.800003,105.540001,105.296028,1131500,33608358358.14,0.3099980000000073,0.2945908877338028
2023-08-30,105.339996,106.267998,105.089996,105.739998,105.495567,1167400,33643487922.48,0.40000200000000063,0.37972471538730707
2023-08-31,105.949997,106.089996,103.769997,104.160004,103.91922,2035500,33838310041.86,-1.7899929999999955,-1.6894696089514711
2023-09-01,105.629997,107.410004,105.199997,107.290001,107.041985,1338800,33736108441.86,1.6600040000000007,1.5715270729393285
2023-09-05,106.550003,106.730003,105.151001,106.050003,105.804855,1433200,34029939958.14,-0.5,-0.46926324347452153
2023-09-06,106.330002,107.790001,105.989998,106.639999,106.393486,1337800,33959676038.76,0.30999700000000985,0.2915423626155954
2023-09-07,107.860001,110.955002,107.18,108.540001,108.289093,1951100,34448327119.38,0.6800000000000068,0.6304468697344132
2023-09-08,108.230003,109.660004,108.230003,108.639999,108.388863,1428100,34566498358.14,0.4099960000000067,0.37881917087261535
2023-09-11,108.800003,110.397003,108.650002,109.980003,109.725769,1820700,34748544958.14,1.1799999999999926,1.084558793624291
2023-09-12,109.540001,110.095001,108.150002,108.5,108.249184,1557100,34984885519.380005,-1.0400010000000037,-0.9494257718694048
2023-09-13,108.779999,110.089996,108.510002,109.269997,109.017403,1894600,34742156080.62,0.48999799999999993,0.4504486160180971
2023-09-14,109.760002,112.620003,109.525002,112.459999,112.200027,2308300,35055149438.76,2.699996999999996,2.459909758383565
2023-09-15,112.459999,112.68,109.800003,109.93,109.67588,4287700,35917474480.619995,-2.5299989999999895,-2.2496879090315387
2023-09-18,110.43,112.25,110.410004,110.739998,110.484009,1358500,35269133400.0,0.3099979999999931,0.28071900751606726
2023-09-19,111.089996,111.379997,110.300003,110.540001,110.28447,1972100,35479922922.48,-0.5499949999999956,-0.49508958484434146
2023-09-20,110.93,111.18,109.910004,110.129997,109.875412,924500,35428823400.0,-0.8000030000000038,-0.7211782204994175
2023-09-21,109.629997,110.639999,109.510002,109.940002,109.68586,1443800,35013628441.86,0.31000500000000386,0.2827738835019797
2023-09-22,109.459999,110.739998,108.614998,110.360001,110.104889,1210500,34959334480.619995,0.9000020000000006,0.8222199965486942
2023-09-25,109.720001,112.919998,109.495003,112.209999,111.950607,2115200,35042373919.38,2.489998,2.2694112078981843
2023-09-26,111.660004,111.714996,107.93,108.489998,108.239204,2309700,35661972077.52,-3.1700060000000008,-2.838980732975794
2023-09-27,108.980003,111.290001,108.980003,110.75,110.493988,2819500,34806033358.14,1.7699970000000036,1.6241484228992027
2023-09-28,110.769997,110.980003,108.834999,109.32,109.067291,1550700,35377721641.86,-1.4499970000000104,-1.3090160145079812
2023-09-29,110.040001,110.709999,108.639999,109.080002,108.82785,2867500,35144575519.380005,-0.9599990000000105,-0.872409116026826
2023-10-02,108.300003,108.300003,102.760002,104.730003,104.487907,2892500,34588854958.14,-3.5700000000000074,-3.2963988006537797
2023-10-03,103.209999,104.919998,102.404999,104.889999,104.64753,2557000,32963209480.62,1.6800000000000068,1.6277492648750118
2023-10-04,104.639999,106.599998,104.224998,106.160004,105.914597,1973900,33419922880.620003,1.5200049999999976,1.452604180548585
2023-10-05,106.980003,108.5,106.610001,107.879997,107.630615,1589200,34167273358.14,0.8999940000000066,0.8412731115739515
2023-10-06,106.550003,110.580002,105.129997,110.169998,109.915321,2095800,34029939958.14,3.619995000000003,3.3974611901231038
2023-10-09,110.169998,111.487,109.970001,111.379997,111.122528,1258400,35186093961.240005,1.2099989999999963,1.098301735468849
2023-10-10,110.959999,113.489998,110.959999,113.0,112.738785,1464400,35438404480.619995,2.0400010000000037,1.8385012782849826
2023-10-11,113.910004,115.178001,113.309998,115.07,114.804001,1353300,36380577077.52,1.1599959999999925,1.0183442711493473
2023-10-12,114.910004,116.160004,114.459999,115.720001,115.452499,1299700,36699957077.52,0.8099969999999956,0.7048968512784975
2023-10-13,116.769997,117.389999,112.989998,113.690002,113.427193,1699400,37294001641.86,-3.0799949999999967,-2.637659569349819
2023-10-16,114.769997,117.120003,114.610001,116.830002,116.559929,1701700,36655241641.86,2.0600049999999896,1.7948985395547143
2023-10-17,116.050003,117.989998,115.709999,117.150002,116.879189,1214600,37064049958.14,1.0999989999999968,0.9478664123774273
2023-10-18,117.330002,118.644997,115.809998,116.07,115.801689,1050700,37472856038.759995,-1.260002,-1.0738958310083384
2023-10-19,116.0,116.610001,114.110001,114.290001,114.025803,981000,37048080000.0,-1.7099989999999963,-1.474137068965514
2023-10-20,114.110001,114.790001,111.919998,112.099998,111.840866,1654400,36444452119.38,-2.0100029999999975,-1.7614608556527818
2023-10-23,111.830002,113.029999,110.399002,112.110001,111.850845,950800,35716266038.759995,0.27999900000000366,0.2503791424415817
2023-10-24,113.260002,115.300003,113.260002,114.269997,114.005844,1930900,36172979438.76,1.0099950000000035,0.8917490571826084
2023-10-25,114.230003,114.269997,111.669998,112.029999,111.771027,1575000,36482778358.14,-2.2000039999999927,-1.9259423463378469
2023-10-26,112.0,113.029999,111.139999,112.720001,112.459435,1652700,35770560000.0,0.7200009999999963,0.6428580357142825
2023-10-27,113.0,113.360001,109.892998,110.779999,110.523918,1128700,36089940000.0,-2.2200009999999963,-1.9646026548672535
2023-10-30,111.860001,113.230003,111.504997,113.029999,112.768715,1271600,35725847119.38,1.1699980000000068,1.0459484977118916
2023-10-31,113.120003,113.510002,111.169998,112.919998,112.658966,1942000,36128266558.14,-0.20000499999999022,-0.17680781002100066
2023-11-01,113.589996,115.379997,112.830002,114.849998,114.584503,2751300,36278372922.48,1.260002,1.1092543748306851
2023-11-02,114.910004,117.900002,114.379997,117.190002,116.919098,1894600,36699957077.52,2.279998000000006,1.9841597081486535
2023-11-03,118.650002,118.669998,116.849998,117.07,116.799377,1853200,37894437638.76,-1.5800020000000075,-1.3316493665124485
2023-11-06,118.989998,125.624001,118.059998,124.730003,124.441673,2530800,38003025561.24,5.7400049999999965,4.823939067550867
2023-11-07,124.440002,124.973999,118.660004,119.870003,119.592903,2271500,39743647838.76,-4.56999900000001,-3.6724517249686395
2023-11-08,120.419998,121.480003,118.964996,121.18,120.899872,1730200,38459738961.240005,0.7600020000000001,0.6311260692763008
2023-11-09,121.589996,124.355003,120.519997,120.629997,120.351143,1603200,38833412922.48,-0.9599989999999963,-0.7895378169105263
2023-11-10,121.449997,122.724998,121.375999,121.769997,121.48851,1219700,38788700041.86,0.3200000000000074,0.26348292128818035
2023-11-13,121.379997,122.236,120.910004,121.720001,121.438629,891600,38766343441.86,0.3400039999999933,0.28011534717700914
2023-11-14,124.050003,126.709999,123.379997,126.519997,126.227524,1433300,39619089958.14,2.469994,1.9911277229070279
2023-11-15,126.580002,127.239998,121.690002,121.989998,121.708,1982200,40427121038.759995,-4.590003999999993,-3.626168373737262
2023-11-16,123.0,123.830002,121.510002,121.669998,121.669998,1474500,39283740000.0,-1.3300019999999932,-1.0813024390243846
2023-11-17,122.199997,123.519997,121.599998,121.690002,121.690002,1487900,39028235041.86,-0.5099949999999893,-0.417344527430708
2023-11-20,122.449997,122.849998,121.480003,122.279999,122.279999,1041600,39108080041.86,-0.16999799999999254,-0.13883054648012164
2023-11-21,122.900002,123.18,121.849998,122.510002,122.510002,984700,39251802638.76,-0.39000000000000057,-0.3173311583835455
2023-11-22,122.900002,123.839996,121.974998,123.25,123.25,1376700,39251802638.76,0.34999799999999937,0.2847827455690354
2023-11-24,123.07,124.300003,123.050003,123.860001,123.860001,532500,39306096600.0,0.7900010000000037,0.6419119200455057
2023-11-27,123.93,125.379997,123.370003,125.099998,125.099998,1073200,39580763400.0,1.1699979999999925,0.944079722423943
2023-11-28,124.980003,126.5,123.760002,124.449997,124.449997,2003000,39916113358.14,-0.5300060000000002,-0.424072641444888
2023-11-29,123.550003,123.940002,119.760002,120.580002,120.580002,2078800,39459399958.14,-2.9700010000000105,-2.403885817793149
2023-11-30,120.589996,121.860001,120.514999,121.040001,121.040001,2650000,38514032922.48,0.45000500000000443,0.373169429411047
2023-12-01,120.620003,120.940002,119.650002,119.879997,119.879997,1454900,38523616558.14,-0.740005999999994,-0.6135018915560746
2023-12-04,119.0,119.550003,118.050003,118.919998,118.919998,1946900,38006220000.0,-0.08000199999999325,-0.06722857142856575
2023-12-05,118.705002,118.940002,115.885002,118.309998,118.309998,1805900,37912003538.759995,-0.39500400000000013,-0.3327610406847052
2023-12-06,119.339996,119.669998,112.220001,112.629997,112.629997,2629800,38114807922.48,-6.709998999999996,-5.622590267222731
2023-12-07,113.260002,113.440002,109.449997,110.529999,110.529999,3497000,36172979438.76,-2.7300029999999964,-2.410385795331344
2023-12-08,109.989998,111.610001,109.650002,111.209999,111.209999,2627300,35128605561.24,1.2200009999999963,1.109192674046595
2023-12-11,111.550003,116.300003,110.669998,116.150002,116.150002,2582900,35626839958.14,4.599998999999997,4.1237103328450795
2023-12-12,116.160004,116.400002,113.849998,114.489998,114.489998,1846200,37099182077.52,-1.6700060000000008,-1.437677292091003
2023-12-13,114.589996,116.75,113.529999,116.43,116.43,1731100,36597752922.48,1.8400040000000075,1.6057283045895276
2023-12-14,116.639999,117.809998,115.370003,115.599998,115.599998,2456400,37252482880.62,-1.0400010000000037,-0.8916332380969959
2023-12-15,115.669998,120.870003,115.610001,118.75,118.75,5714900,36942683961.240005,3.0800019999999932,2.662749246351671
